<?xml version="1.0" encoding="UTF-8"?>
<project-private xmlns="http://www.netbeans.org/ns/project-private/1">
    <editor-bookmarks xmlns="http://www.netbeans.org/ns/editor-bookmarks/2" lastBookmarkId="0"/>
    <open-files xmlns="http://www.netbeans.org/ns/projectui-open-files/2">
        <group>
            <file>file:/C:/Users/3BROS%20COMPUTERZ/Desktop/librarymangment%20(1)/librarymangment/src/librarymangment/Admin.java</file>
            <file>file:/C:/Users/3BROS%20COMPUTERZ/Desktop/librarymangment%20(1)/librarymangment/src/librarymangment/Filing.java</file>
            <file>file:/C:/Users/3BROS%20COMPUTERZ/Desktop/librarymangment%20(1)/librarymangment/src/librarymangment/AdminCrud.java</file>
            <file>file:/C:/Users/3BROS%20COMPUTERZ/Desktop/librarymangment%20(1)/librarymangment/src/librarymangment/Librarymangment.java</file>
            <file>file:/C:/Users/3BROS%20COMPUTERZ/Desktop/librarymangment%20(1)/librarymangment/src/librarymangment/homepage.java</file>
            <file>file:/C:/Users/3BROS%20COMPUTERZ/Desktop/librarymangment%20(1)/librarymangment/src/librarymangment/Books.java</file>
            <file>file:/C:/Users/3BROS%20COMPUTERZ/Desktop/librarymangment%20(1)/librarymangment/src/librarymangment/selection.java</file>
            <file>file:/C:/Users/3BROS%20COMPUTERZ/Desktop/librarymangment%20(1)/librarymangment/src/librarymangment/Linklist.java</file>
            <file>file:/C:/Users/3BROS%20COMPUTERZ/Desktop/librarymangment%20(1)/librarymangment/src/librarymangment/login.java</file>
        </group>
    </open-files>
</project-private>
